City_ID,City,Country,Date,Lat,Lng,Max Temp,Humidity,Cloudiness,Wind Speed
0,Mar Del Plata,AR,21-11-23 01:32:11,-38.0023,-57.5575,59.09,70,20,5.01
1,Saint-Philippe,RE,21-11-23 01:30:44,-21.3585,55.7679,72.99,75,24,8.39
2,Beloha,MG,21-11-23 01:32:11,-25.1667,45.05,65.73,98,56,6.76
3,Albany,US,21-11-23 01:30:09,42.6001,-73.9662,34.09,70,13,8.48
4,Ixtapa,MX,21-11-23 01:32:12,20.7,-105.2,79.83,74,40,5.75
5,Puerto Ayora,EC,21-11-23 01:32:12,-0.7393,-90.3518,68.38,75,35,8.34
6,Ushuaia,AR,21-11-23 01:32:13,-54.8,-68.3,38.86,70,75,18.41
7,Grand Gaube,MU,21-11-23 01:32:13,-20.0064,57.6608,74.37,68,0,3.0
8,Busselton,AU,21-11-23 01:27:40,-33.65,115.3333,64.04,47,0,3.83
9,San Pedro,PH,21-11-23 01:32:14,14.35,121.0167,85.23,77,40,2.3
10,Vaini,TO,21-11-23 01:32:14,-21.2,-175.2,84.36,79,20,9.22
11,Merauke,ID,21-11-23 01:32:14,-8.4667,140.3333,88.34,63,20,2.21
12,Bredasdorp,ZA,21-11-23 01:32:15,-34.5322,20.0403,54.28,76,44,6.33
13,Mataura,NZ,21-11-23 01:32:15,-46.1927,168.8643,63.0,45,83,5.39
14,Jiangyou,CN,21-11-23 01:32:15,31.7667,104.7167,50.52,63,97,0.98
15,Torbay,CA,21-11-23 01:31:37,47.6666,-52.7314,39.27,87,20,10.36
16,Toyooka,JP,21-11-23 01:32:16,35.5333,134.8333,50.11,61,75,5.75
17,Port Elizabeth,ZA,21-11-23 01:32:16,-33.918,25.5701,62.89,94,90,18.41
18,New Norfolk,AU,21-11-23 01:32:17,-42.7826,147.0587,70.92,49,100,1.01
19,Clyde River,CA,21-11-23 01:32:17,70.4692,-68.5914,14.23,92,100,21.85
20,Litovko,RU,21-11-23 01:32:17,49.2361,135.1742,16.7,89,98,11.25
21,Victoria,HK,21-11-23 01:28:04,22.2855,114.1577,62.26,78,100,1.01
22,Hervey Bay,AU,21-11-23 01:32:18,-25.2986,152.8535,71.71,76,84,8.77
23,Mahebourg,MU,21-11-23 01:32:18,-20.4081,57.7,74.25,83,40,3.44
24,Rocha,UY,21-11-23 01:28:02,-34.4833,-54.3333,63.77,67,6,18.7
25,Avarua,CK,21-11-23 01:32:18,-21.2078,-159.775,80.65,65,75,8.05
26,Abu Kamal,SY,21-11-23 01:32:19,34.4506,40.9171,59.41,58,26,1.01
27,Kungurtug,RU,21-11-23 01:32:19,50.5994,97.5228,12.02,78,100,2.17
28,Hermanus,ZA,21-11-23 01:30:51,-34.4187,19.2345,62.91,78,19,9.93
29,Taoudenni,ML,21-11-23 01:32:20,22.6783,-3.9836,79.29,35,100,7.65
30,Novobureyskiy,RU,21-11-23 01:32:20,49.798,129.8774,23.59,94,100,12.44
31,Butaritari,KI,21-11-23 01:32:21,3.0707,172.7902,81.95,77,22,11.56
32,Darnah,LY,21-11-23 01:32:21,32.767,22.6367,63.32,62,98,18.68
33,Nanortalik,GL,21-11-23 01:32:21,60.1432,-45.2371,21.99,76,5,15.73
34,Hilo,US,21-11-23 01:32:22,19.7297,-155.09,74.93,92,90,4.61
35,Rikitea,PF,21-11-23 01:30:43,-23.1203,-134.9692,75.81,72,0,10.65
36,Leshukonskoye,RU,21-11-23 01:29:31,64.8989,45.7622,23.49,96,100,4.54
37,Cherskiy,RU,21-11-23 01:32:23,68.75,161.3,-32.39,100,15,2.21
38,Tiksi,RU,21-11-23 01:32:23,71.6872,128.8694,-22.18,97,53,7.92
39,Saint George,US,21-11-23 01:29:35,37.1041,-113.5841,56.95,28,1,4.61
40,Susanville,US,21-11-23 01:32:24,40.4163,-120.653,37.81,57,0,3.47
41,Geraldton,AU,21-11-23 01:32:24,-28.7667,114.6,73.13,49,0,17.27
42,Nikolskoye,RU,21-11-23 01:32:04,59.7035,30.7861,26.49,94,100,5.01
43,Ilulissat,GL,21-11-23 01:32:24,69.2167,-51.1,19.42,68,75,11.5
44,Adrar,MR,21-11-23 01:32:25,20.5022,-10.0711,75.06,44,100,10.02
45,Angoche,MZ,21-11-23 01:32:25,-16.2325,39.9086,74.93,89,39,5.99
46,Flinders,AU,21-11-23 01:32:25,-34.5833,150.8552,71.38,73,100,8.14
47,Carnarvon,AU,21-11-23 01:32:26,-24.8667,113.6333,77.07,38,0,16.11
48,Letterkenny,IE,21-11-23 01:33:26,54.95,-7.7333,44.74,83,98,2.98
49,Sitka,US,21-11-23 01:30:16,57.0531,-135.33,37.29,75,90,8.05
50,Oudtshoorn,ZA,21-11-23 01:33:27,-33.5907,22.2014,57.56,90,100,5.3
51,Isla Mujeres,MX,21-11-23 01:33:27,21.2311,-86.731,75.25,69,20,17.09
52,Kaitangata,NZ,21-11-23 01:33:27,-46.2817,169.8464,57.85,56,64,6.49
53,Kodiak,US,21-11-23 01:33:28,57.79,-152.4072,18.91,53,1,14.97
54,Husavik,IS,21-11-23 01:33:29,66.0449,-17.3389,42.71,73,21,10.94
55,Yulara,AU,21-11-23 01:33:29,-25.2406,130.9889,73.24,60,75,8.05
56,Muros,ES,21-11-23 01:33:29,42.7762,-9.0603,51.84,81,50,18.81
57,Sheridan,US,21-11-23 01:33:30,44.8333,-106.9173,51.93,43,1,1.01
58,Weinan,CN,21-11-23 01:33:30,34.5036,109.5089,35.29,26,0,4.59
59,Yumen,CN,21-11-23 01:33:30,40.2833,97.2,27.45,37,3,23.42
60,Bradesti,RO,21-11-23 01:33:31,44.4833,23.6333,45.73,78,100,2.98
61,Teahupoo,PF,21-11-23 01:33:31,-17.8333,-149.2667,78.76,77,96,11.72
62,Kavaratti,IN,21-11-23 01:33:32,10.5669,72.642,81.01,76,69,6.89
63,Ribeira Grande,PT,21-11-23 01:33:32,38.5167,-28.7,65.89,85,27,19.6
64,Ust-Maya,RU,21-11-23 01:33:32,60.4167,134.5333,-17.18,90,100,2.71
65,Aklavik,CA,21-11-23 01:33:33,68.2191,-135.0107,-15.77,96,100,6.82
66,Atuona,PF,21-11-23 01:33:33,-9.8,-139.0333,77.29,77,100,8.66
67,Tours,FR,21-11-23 01:33:33,47.4167,0.6667,37.45,82,0,12.66
68,Esna,EG,21-11-23 01:33:34,25.2934,32.554,53.62,55,0,7.47
69,Barrow,US,21-11-23 01:30:02,71.2906,-156.7887,-5.78,77,75,3.44
70,Porto Novo,BJ,21-11-23 01:33:34,6.4965,2.6036,82.22,85,35,2.86
71,Puerto Leguizamo,CO,21-11-23 01:33:35,-0.1934,-74.7819,72.82,97,100,2.01
72,Dikson,RU,21-11-23 01:30:42,73.5069,80.5464,-11.54,94,100,17.74
73,East London,ZA,21-11-23 01:33:35,-33.0153,27.9116,66.18,86,100,19.33
74,Tianpeng,CN,21-11-23 01:33:35,30.9866,103.9393,48.63,64,100,3.8
75,Longyearbyen,SJ,21-11-23 01:33:36,78.2186,15.6401,3.04,66,20,11.5
76,San Patricio,US,21-11-23 01:33:36,28.017,-97.5169,67.86,48,100,7.83
77,Hofn,IS,21-11-23 01:31:49,64.2539,-15.2082,43.68,79,100,7.45
78,Axim,GH,21-11-23 01:33:06,4.8699,-2.2405,78.57,83,44,1.36
79,Chokurdakh,RU,21-11-23 01:29:25,70.6333,147.9167,-15.41,100,100,4.03
80,Soure,BR,21-11-23 01:33:37,-0.7167,-48.5233,80.13,81,60,9.13
81,Grindavik,IS,21-11-23 01:33:37,63.8424,-22.4338,39.67,75,75,16.11
82,Hue,VN,21-11-23 01:30:09,16.4667,107.6,71.71,94,75,9.22
83,Port Alfred,ZA,21-11-23 01:33:38,-33.5906,26.891,65.52,84,100,22.44
84,Kapaa,US,21-11-23 01:31:57,22.0752,-159.319,82.38,75,40,1.01
85,Tasiilaq,GL,21-11-23 01:33:38,65.6145,-37.6368,26.76,60,94,9.15
86,Punta Arenas,CL,21-11-23 01:32:24,-53.15,-70.9167,42.91,56,75,4.61
87,Kutum,SD,21-11-23 01:33:39,14.2,24.6667,58.98,38,4,7.38
88,Bloemfontein,ZA,21-11-23 01:33:39,-29.1211,26.214,51.28,93,0,6.91
89,Itoman,JP,21-11-23 01:33:40,26.1247,127.6694,68.02,66,75,16.11
90,Payo,ID,21-11-23 01:33:40,-3.7508,103.6372,78.82,82,100,1.03
91,Walvis Bay,NA,21-11-23 01:33:40,-22.9575,14.5053,60.1,94,0,5.75
92,Sinegorye,RU,21-11-23 01:33:41,62.0788,150.477,-12.87,92,92,1.14
93,Zunyi,CN,21-11-23 01:33:41,27.6867,106.9072,44.58,81,100,3.24
94,Ponta Do Sol,PT,21-11-23 01:34:41,32.6667,-17.1,67.71,71,98,6.51
95,Inuvik,CA,21-11-23 01:34:42,68.3499,-133.7218,-15.74,76,75,4.61
96,Khatanga,RU,21-11-23 01:34:42,71.9667,102.5,-3.62,79,97,22.19
97,Jieshi,CN,21-11-23 01:34:43,22.8134,115.8257,56.95,59,100,12.44
98,Pedro Juan Caballero,PY,21-11-23 01:34:43,-22.5472,-55.7333,69.67,51,81,4.97
99,Mehamn,NO,21-11-23 01:33:13,71.0357,27.8492,20.19,65,100,5.59
100,Puno,PE,21-11-23 01:31:04,-15.8333,-70.0333,50.7,65,98,4.18
101,Lazaro Cardenas,MX,21-11-23 01:30:01,17.9583,-102.2,78.28,81,0,4.29
102,Talnakh,RU,21-11-23 01:34:25,69.4865,88.3972,5.99,91,100,8.57
103,Marsaxlokk,MT,21-11-23 01:34:44,35.8419,14.5431,61.41,82,20,4.61
104,Qaanaaq,GL,21-11-23 01:34:44,77.484,-69.3632,-6.36,85,98,5.3
105,Port Hedland,AU,21-11-23 01:34:45,-20.3167,118.5667,89.65,48,44,8.05
106,Leh,IN,21-11-23 01:34:45,34.1667,77.5833,13.06,52,0,3.74
107,Le Pradet,FR,21-11-23 01:34:45,43.1066,6.0172,55.63,85,0,5.75
108,Kontagora,NG,21-11-23 01:34:46,10.3999,5.4695,74.19,34,62,2.42
109,Tigre,AR,21-11-23 01:31:50,-34.426,-58.5796,73.35,37,0,19.57
110,Constitucion,CL,21-11-23 01:34:46,-35.3333,-72.4167,61.52,62,0,11.74
111,Laguna,US,21-11-23 01:32:22,38.421,-121.4238,62.2,78,1,3.44
112,Metairie,US,21-11-23 01:33:02,29.9841,-90.1528,62.6,61,1,5.99
113,Esperance,AU,21-11-23 01:34:47,-33.8667,121.9,60.64,71,100,16.91
114,Dickson,US,21-11-23 01:34:48,36.077,-87.3878,36.93,63,1,5.75
115,Guerrero Negro,MX,21-11-23 01:34:48,27.9769,-114.0611,70.95,48,100,7.14
116,Marigot,MF,21-11-23 01:34:48,18.0667,-63.0833,80.04,78,20,4.61
117,Santa Barbara,US,21-11-23 01:33:07,34.7333,-120.0343,67.33,25,1,5.75
118,Vanavara,RU,21-11-23 01:34:49,60.34,102.2797,12.94,90,100,7.9
119,Pak Phanang,TH,21-11-23 01:34:49,8.3511,100.202,85.06,84,100,10.38
120,Songea,TZ,21-11-23 01:34:50,-10.6833,35.65,61.12,71,38,4.41
121,Umm Lajj,SA,21-11-23 01:34:31,25.0213,37.2685,70.61,50,5,15.66
122,Okhotsk,RU,21-11-23 01:31:51,59.3833,143.3,6.15,90,42,12.17
123,Saldanha,ZA,21-11-23 01:34:50,-33.0117,17.9442,60.84,83,0,13.47
124,Xingyi,CN,21-11-23 01:34:51,24.1877,102.817,44.33,94,100,3.69
125,Kieta,PG,21-11-23 01:34:51,-6.2167,155.6333,82.69,76,100,3.02
126,Cape Town,ZA,21-11-23 01:34:52,-33.9258,18.4232,64.11,67,0,24.16
127,Karagay,RU,21-11-23 01:34:52,58.2667,54.9368,22.17,90,100,10.94
128,Mount Isa,AU,21-11-23 01:34:53,-20.7333,139.5,92.97,16,95,11.5
129,Siena,IT,21-11-23 01:34:53,43.2167,11.4,56.82,78,100,11.34
130,Manzanillo,CU,21-11-23 01:34:54,20.3433,-77.1167,75.07,83,0,5.28
131,Castro,BR,21-11-23 01:34:54,-24.7911,-50.0119,62.24,60,5,2.51
132,Iqaluit,CA,21-11-23 01:34:55,63.7506,-68.5145,28.13,68,90,17.0
133,Alice Springs,AU,21-11-23 01:32:39,-23.7,133.8833,69.35,73,75,14.97
134,Tuktoyaktuk,CA,21-11-23 01:34:56,69.4541,-133.0374,-7.6,77,40,6.91
135,Pisco,PE,21-11-23 01:34:50,-13.7,-76.2167,66.25,82,90,11.5
136,Nome,US,21-11-23 01:33:17,64.5011,-165.4064,6.87,47,1,10.36
137,Chapeco,BR,21-11-23 01:30:24,-27.0964,-52.6183,80.35,44,20,5.75
138,Bambous Virieux,MU,21-11-23 01:34:57,-20.3428,57.7575,74.21,83,40,3.44
139,Bilasipara,IN,21-11-23 01:34:57,26.232,90.2347,66.97,79,0,7.11
140,Kizner,RU,21-11-23 01:34:58,56.2749,51.508,21.56,91,100,12.68
141,Lorengau,PG,21-11-23 01:34:58,-2.0226,147.2712,82.15,79,100,11.01
142,Tocopilla,CL,21-11-23 01:35:45,-22.092,-70.1979,64.06,70,51,1.45
143,Araouane,ML,21-11-23 01:35:59,18.9048,-3.5265,76.37,30,97,8.63
144,Pangnirtung,CA,21-11-23 01:35:59,66.1451,-65.7125,21.83,77,100,15.01
145,Bluff,NZ,21-11-23 01:35:59,-46.6,168.3333,55.6,68,45,12.28
146,Faya,SA,21-11-23 01:36:00,18.3851,42.4509,55.51,70,13,1.97
147,Meulaboh,ID,21-11-23 01:36:00,4.1363,96.1285,76.93,87,100,3.06
148,Daru,PG,21-11-23 01:36:00,-9.0763,143.2092,86.34,67,56,9.15
149,Jamestown,US,21-11-23 01:36:01,42.097,-79.2353,31.71,68,90,7.0
150,Bereda,ES,21-11-23 01:36:01,43.2686,-7.5406,49.01,100,88,9.86
151,Lata,PT,21-11-23 01:36:01,40.1629,-8.3327,45.81,80,1,3.06
152,Griffith,US,21-11-23 01:36:02,41.5284,-87.4237,31.93,47,1,1.01
153,Abonnema,NG,21-11-23 01:36:02,4.7084,6.7931,76.93,91,37,4.0
154,Plettenberg Bay,ZA,21-11-23 01:36:02,-34.0527,23.3716,60.78,83,99,8.21
155,Jizan,SA,21-11-23 01:36:03,17.3333,42.6667,77.94,69,14,1.61
156,Elko,US,21-11-23 01:36:03,41.0002,-115.5012,37.42,45,0,5.01
157,Bengkulu,ID,21-11-23 01:35:52,-3.8004,102.2655,79.74,76,99,1.68
158,Arraial Do Cabo,BR,21-11-23 01:36:04,-22.9661,-42.0278,70.03,72,10,15.7
159,Opuwo,NA,21-11-23 01:36:04,-18.0607,13.84,65.16,29,0,4.36
160,Hithadhoo,MV,21-11-23 01:36:04,-0.6,73.0833,81.41,78,100,18.1
161,Faanui,PF,21-11-23 01:32:03,-16.4833,-151.75,81.28,73,100,7.18
162,Yellowknife,CA,21-11-23 01:36:05,62.456,-114.3525,-4.45,75,40,13.8
163,Saint-Denis,FR,21-11-23 01:36:05,48.9167,2.3333,37.94,86,0,4.0
164,Havre-Saint-Pierre,CA,21-11-23 01:36:06,50.2334,-63.5986,46.99,93,90,20.71
165,Chuy,UY,21-11-23 01:36:06,-33.6971,-53.4616,66.36,63,12,17.45
166,Tirlyanskiy,RU,21-11-23 01:36:06,54.2109,58.5806,18.75,85,64,14.29
167,Nyandoma,RU,21-11-23 01:36:07,61.669,40.1991,13.01,91,68,9.62
168,Muscat,OM,21-11-23 01:36:07,23.6139,58.5922,66.22,40,37,3.13
169,Veraval,IN,21-11-23 01:36:07,20.9,70.3667,78.94,79,100,6.53
170,Staryy Nadym,RU,21-11-23 01:36:08,65.6118,72.6842,14.85,96,100,6.06
171,San Cristobal,VE,21-11-23 01:31:28,7.7669,-72.225,69.98,98,55,1.66
172,Puerto Narino,CO,21-11-23 01:36:09,-3.7703,-70.3831,75.15,93,100,0.58
173,Provideniya,RU,21-11-23 01:32:08,64.3833,-173.3,12.31,62,40,17.9
174,Ampanihy,MG,21-11-23 01:36:09,-24.7,44.75,64.63,96,34,5.3
175,Phan Thiet,VN,21-11-23 01:34:34,10.9333,108.1,78.89,82,93,6.67
176,Karwar,IN,21-11-23 01:36:10,14.8,74.1333,77.11,86,35,5.35
177,Asau,RO,21-11-23 01:36:10,46.4333,26.4,44.76,78,100,2.39
178,Dingle,PH,21-11-23 01:36:10,10.9995,122.6711,84.7,76,39,12.75
179,Hirara,JP,21-11-23 01:36:11,24.8,125.2833,68.27,73,75,12.66
180,Plavinas,LV,21-11-23 01:36:11,56.6178,25.7255,29.71,67,100,8.28
181,Ancud,CL,21-11-23 01:36:12,-41.8697,-73.8203,53.13,89,5,6.31
182,Colares,PT,21-11-23 01:36:12,38.7992,-9.4469,54.28,65,5,8.01
183,Viedma,AR,21-11-23 01:36:12,-40.8135,-62.9967,51.44,63,0,7.54
184,Watsa,CD,21-11-23 01:36:13,3.0372,29.5355,61.86,94,82,1.12
185,Itupiranga,BR,21-11-23 01:36:13,-5.1347,-49.3267,74.89,90,55,1.52
186,Dunedin,NZ,21-11-23 01:36:14,-45.8742,170.5036,56.19,61,6,6.82
187,High Rock,BS,21-11-23 01:36:14,26.6208,-78.2833,73.42,72,8,13.09
188,Kaeo,NZ,21-11-23 01:37:14,-35.1,173.7833,68.92,65,92,3.49
189,Mitu,CO,21-11-23 01:37:15,1.1983,-70.1733,72.01,98,100,1.19
190,Palmer,US,21-11-23 01:37:15,42.1584,-72.3287,37.89,56,78,1.01
191,Labuhan,ID,21-11-23 01:36:59,-6.8844,112.2051,83.17,70,99,4.74
192,Pecos,US,21-11-23 01:37:16,31.4229,-103.4932,59.31,26,1,8.05
193,Bhag,PK,21-11-23 01:37:16,29.0415,67.8239,64.51,16,0,3.02
194,Mackay,AU,21-11-23 01:37:17,-21.15,149.2,82.69,83,90,14.97
195,Kargil,IN,21-11-23 01:37:17,34.5667,76.1,9.81,60,0,2.62
196,Khalkhal,IR,21-11-23 01:37:17,37.6189,48.5258,38.39,86,17,3.91
197,Naze,JP,21-11-23 01:37:18,28.3667,129.4833,63.52,64,80,14.18
198,Visnes,NO,21-11-23 01:37:18,59.3556,5.2242,48.25,76,75,18.41
199,Luderitz,NA,21-11-23 01:37:18,-26.6481,15.1594,59.58,86,5,13.02
200,Ormara,PK,21-11-23 01:37:19,25.2088,64.6357,74.91,32,8,2.33
201,Concordia,AR,21-11-23 01:32:22,-31.393,-58.0209,78.78,55,0,3.0
202,Saint-Georges,GD,21-11-23 01:37:19,12.0564,-61.7485,80.28,83,40,8.05
203,Kalmunai,LK,21-11-23 01:37:20,7.4167,81.8167,76.55,88,100,6.96
204,Salalah,OM,21-11-23 01:37:20,17.0151,54.0924,80.69,22,0,11.5
205,Honiara,SB,21-11-23 01:37:20,-9.4333,159.95,87.78,64,39,9.24
206,Richmond Hill,CA,21-11-23 01:36:27,43.8711,-79.4372,30.69,82,9,11.16
207,Agadir,MA,21-11-23 01:36:06,30.4202,-9.5982,57.65,76,11,4.21
208,Hasaki,JP,21-11-23 01:37:21,35.7333,140.8333,57.6,71,100,16.62
209,Zhaoyuan,CN,21-11-23 01:37:21,37.3592,120.3964,40.24,42,37,15.88
210,Alpena,US,21-11-23 01:37:22,45.0617,-83.4327,29.1,85,90,5.99
211,Hobart,AU,21-11-23 01:37:22,-42.8794,147.3294,76.01,51,75,1.99
212,Hamilton,US,21-11-23 01:37:22,39.1834,-84.5333,32.63,66,1,6.91
213,Tallahassee,US,21-11-23 01:35:54,30.4383,-84.2807,62.62,80,20,1.99
214,Aktas,KZ,21-11-23 01:37:23,49.7789,72.9608,31.75,96,100,27.04
215,Bay Roberts,CA,21-11-23 01:37:23,47.5999,-53.2648,40.03,92,100,9.4
216,Sao Filipe,CV,21-11-23 01:37:23,14.8961,-24.4956,80.98,59,1,9.95
217,Kenai,US,21-11-23 01:33:17,60.5544,-151.2583,9.14,85,75,3.44
218,Svetlyy,RU,21-11-23 01:37:24,54.675,20.1347,35.96,88,90,19.19
219,Dieppe,FR,21-11-23 01:37:25,49.75,1.1667,39.18,87,1,8.46
220,Orlik,RU,21-11-23 01:37:25,52.5178,99.825,8.8,76,100,1.14
221,Turukhansk,RU,21-11-23 01:37:26,65.8167,87.9833,13.8,92,100,20.54
222,Dandong,CN,21-11-23 01:37:26,40.1292,124.3947,26.22,33,1,12.95
223,Maningrida,AU,21-11-23 01:34:33,-12.0667,134.2667,93.45,45,96,7.99
224,Itarema,BR,21-11-23 01:37:26,-2.9248,-39.9167,80.33,82,100,15.05
225,Lompoc,US,21-11-23 01:35:54,34.6391,-120.4579,72.57,39,1,0.0
226,Sokoni,TZ,21-11-23 01:37:27,-6.4333,39.55,79.56,74,97,6.89
227,Palanga,LT,21-11-23 01:37:27,55.9175,21.0686,39.22,87,75,10.36
228,Comodoro Rivadavia,AR,21-11-23 01:37:28,-45.8667,-67.5,53.46,37,0,6.91
229,Tazovskiy,RU,21-11-23 01:37:02,67.4667,78.7,14.29,93,100,16.46
230,Sendhwa,IN,21-11-23 01:37:28,21.6833,75.1,74.73,68,8,3.06
231,Sayville,US,21-11-23 01:37:28,40.7359,-73.0821,41.18,54,40,4.0
232,Stolbishche,RU,21-11-23 01:38:29,55.6468,49.216,25.25,80,90,15.66
233,Yarensk,RU,21-11-23 01:38:29,62.1675,49.0916,20.19,95,100,5.17
234,General Cepeda,MX,21-11-23 01:38:30,25.3833,-101.45,53.01,56,100,6.24
235,Hobyo,SO,21-11-23 01:38:30,5.3505,48.5268,78.57,72,75,8.63
236,North Bend,US,21-11-23 01:38:30,43.4065,-124.2243,53.51,92,90,5.75
237,Aldergrove,CA,21-11-23 01:38:31,49.058,-122.4709,47.89,90,90,5.75
238,Twin Falls,US,21-11-23 01:38:31,42.3505,-114.6445,39.09,86,1,4.61
239,Ojinaga,MX,21-11-23 01:38:32,29.5667,-104.4167,62.56,33,1,0.0
240,Awbari,LY,21-11-23 01:38:32,26.5921,12.7805,63.77,41,78,6.6
241,Atambua,ID,21-11-23 01:38:32,-9.1061,124.8925,85.53,60,83,3.15
242,Katsuura,JP,21-11-23 01:38:33,35.1333,140.3,61.2,80,96,14.83
243,Margate,GB,21-11-23 01:38:33,51.3813,1.3862,46.69,83,70,3.0
244,Ahipara,NZ,21-11-23 01:38:33,-35.1667,173.1667,68.29,64,16,11.72
245,Kozhva,RU,21-11-23 01:38:34,65.1073,57.0459,3.83,95,100,6.89
246,Omboue,GA,21-11-23 01:38:34,-1.5746,9.2618,77.14,91,100,4.25
247,Tutayev,RU,21-11-23 01:38:34,57.8853,39.5406,18.88,91,65,8.37
248,Srednekolymsk,RU,21-11-23 01:37:05,67.45,153.6833,-29.11,99,81,5.01
249,Sakakah,SA,21-11-23 01:38:35,29.9697,40.2064,51.37,65,0,3.0
250,Portland,US,21-11-23 01:36:46,45.5234,-122.6762,47.89,88,90,1.01
251,Doha,QA,21-11-23 01:38:04,25.2867,51.5333,75.18,89,0,2.3
252,Caravelas,BR,21-11-23 01:38:35,-17.7125,-39.2481,69.67,89,99,3.49
253,Beyneu,KZ,21-11-23 01:38:36,45.3167,55.2,42.21,79,16,7.78
254,Glens Falls,US,21-11-23 01:37:23,43.3095,-73.644,34.93,76,1,3.44
255,San Carlos Del Zulia,VE,21-11-23 01:38:36,9.0,-71.9135,75.36,93,54,3.85
256,Nuuk,GL,21-11-23 01:38:37,64.1835,-51.7216,21.81,93,20,2.3
257,Kahului,US,21-11-23 01:38:37,20.8947,-156.47,79.86,85,90,19.57
258,Xuanhua,CN,21-11-23 01:38:38,40.6103,115.0447,27.19,37,0,5.48
259,Pontes E Lacerda,BR,21-11-23 01:38:38,-15.2261,-59.3353,74.66,94,100,2.51
260,Mizan Teferi,ET,21-11-23 01:38:38,6.9833,35.5833,60.66,89,21,2.82
261,Tautira,PF,21-11-23 01:38:39,-17.7333,-149.15,84.22,78,76,12.37
262,Norman Wells,CA,21-11-23 01:38:39,65.282,-126.8329,-18.36,69,75,5.75
263,Vardo,NO,21-11-23 01:38:39,70.3705,31.1107,29.35,49,100,20.09
264,Klaksvik,FO,21-11-23 01:38:40,62.2266,-6.589,47.32,79,100,30.09
265,Sayanogorsk,RU,21-11-23 01:38:40,53.0875,91.3997,23.38,75,93,5.79
266,Buckeye,US,21-11-23 01:38:40,33.3703,-112.5838,77.29,20,97,6.91
267,Mayo,US,21-11-23 01:37:34,38.8876,-76.5119,43.29,52,99,8.99
268,Fayaoue,NC,21-11-23 01:38:41,-20.65,166.5333,79.74,71,100,3.36
269,Necochea,AR,21-11-23 01:38:41,-38.5473,-58.7368,55.04,71,0,14.52
270,Sovkhoznyy,RU,21-11-23 01:38:42,45.2946,38.1138,55.85,78,90,12.91
271,Effium,NG,21-11-23 01:38:42,6.6292,8.0593,76.41,88,100,5.32
272,Salinopolis,BR,21-11-23 01:37:03,-0.6136,-47.3561,79.77,80,26,8.93
273,Birobidzhan,RU,21-11-23 01:38:42,48.8,132.95,21.31,91,100,14.14
274,Olafsvik,IS,21-11-23 01:38:43,64.8945,-23.7142,40.62,62,58,19.64
275,Saquarema,BR,21-11-23 01:39:43,-22.92,-42.5103,69.82,83,2,10.47
276,Kruisfontein,ZA,21-11-23 01:39:43,-34.0033,24.7314,59.88,88,100,12.53
277,Novikovo,RU,21-11-23 01:39:44,51.1537,37.8879,30.22,80,100,5.06
278,Dalian,CN,21-11-23 01:39:44,38.9122,121.6022,37.33,38,0,13.42
279,Misratah,LY,21-11-23 01:39:45,32.3754,15.0925,68.68,70,3,13.29
280,Shache,CN,21-11-23 01:39:45,38.4167,77.2406,29.43,39,0,4.97
281,Verkhoyansk,RU,21-11-23 01:39:45,67.5447,133.385,-29.33,100,81,1.63
282,Nizwa,OM,21-11-23 01:39:46,22.9333,57.5333,68.77,23,2,4.74
283,Zhuanghe,CN,21-11-23 01:39:46,39.7008,122.9911,31.73,34,0,17.74
284,Kongolo,CD,21-11-23 01:39:47,-5.3833,27.0,68.47,97,100,1.43
285,Tooele,US,21-11-23 01:39:47,40.5308,-112.2983,43.95,100,1,0.0
286,Upernavik,GL,21-11-23 01:39:47,72.7868,-56.1549,2.53,88,7,6.24
287,Aloleng,PH,21-11-23 01:38:17,16.1307,119.7824,85.44,64,7,8.25
288,Hokitika,NZ,21-11-23 01:39:48,-42.7167,170.9667,61.25,72,65,9.4
289,Marica,BR,21-11-23 01:39:48,-22.9194,-42.8186,71.85,82,6,9.86
290,Puerto Quijarro,BO,21-11-23 01:39:49,-17.7833,-57.7667,81.63,74,99,2.75
291,Shimoda,JP,21-11-23 01:39:49,34.6667,138.95,62.96,54,1,26.57
292,Khani,GE,21-11-23 01:39:49,41.9563,42.9566,29.77,58,5,5.79
293,Dawson Creek,CA,21-11-23 01:39:15,55.7666,-120.2362,40.64,60,1,18.41
294,Mitsamiouli,KM,21-11-23 01:39:50,-11.3847,43.2844,79.5,76,7,11.92
295,Baykit,RU,21-11-23 01:39:50,61.67,96.37,14.02,96,100,3.27
296,Codrington,AU,21-11-23 01:39:50,-38.2667,141.9667,75.67,50,100,14.81
297,Cedeno,CO,21-11-23 01:39:51,7.0464,-72.1634,71.94,95,94,3.44
298,Saskylakh,RU,21-11-23 01:35:48,71.9167,114.0833,-25.06,98,13,8.39
299,Cidreira,BR,21-11-23 01:39:51,-30.1811,-50.2056,70.11,78,0,12.62
300,Charters Towers,AU,21-11-23 01:39:23,-20.1,146.2667,90.34,29,100,4.97
301,Russell,US,21-11-23 01:39:52,32.3502,-85.1999,53.2,59,1,10.67
302,Kirensk,RU,21-11-23 01:39:52,57.7853,108.1119,-1.01,93,96,2.17
303,Hvolsvollur,IS,21-11-23 01:39:52,63.7533,-20.2243,36.81,81,100,8.63
304,Inhambane,MZ,21-11-23 01:39:53,-23.865,35.3833,73.78,81,100,8.25
305,Sieradz,PL,21-11-23 01:39:53,51.5958,18.7302,36.72,90,9,8.48
306,Rawson,AR,21-11-23 01:39:53,-43.3002,-65.1023,51.17,55,90,12.44
307,Isangel,VU,21-11-23 01:37:06,-19.55,169.2667,86.11,74,75,9.22
308,Shangzhi,CN,21-11-23 01:39:54,45.2167,127.9667,12.79,88,100,18.59
309,Rafaela,AR,21-11-23 01:39:55,-31.2503,-61.4867,79.99,41,0,3.0
310,Beringovskiy,RU,21-11-23 01:39:55,63.05,179.3167,-1.91,98,94,13.44
311,Waterloo,CA,21-11-23 01:36:35,43.4668,-80.5164,29.73,82,20,7.0
312,Christiansburg,US,21-11-23 01:39:56,37.1298,-80.4089,38.7,50,1,9.22
313,Whitehorse,CA,21-11-23 01:39:27,60.7161,-135.0538,5.77,77,75,1.99
314,Wanning,CN,21-11-23 01:39:56,18.8003,110.3967,69.91,79,88,16.28
315,Cartagena Del Chaira,CO,21-11-23 01:39:57,1.3349,-74.8429,74.48,90,100,1.32
316,Gigmoto,PH,21-11-23 01:39:57,13.7796,124.39,83.48,78,60,8.21
317,Laytown,IE,21-11-23 01:39:57,53.6819,-6.2392,42.01,86,59,6.24
318,Gushikawa,JP,21-11-23 01:39:58,26.3544,127.8686,67.23,65,90,11.5
319,Kota Bahru,MY,21-11-23 01:39:58,6.1333,102.2386,80.6,88,20,5.01
320,Severo-Kurilsk,RU,21-11-23 01:39:58,50.6789,156.125,37.71,82,95,15.01
321,Nichinan,JP,21-11-23 01:39:59,31.6,131.3667,55.08,51,5,11.34
322,Banda Aceh,ID,21-11-23 01:39:59,5.5577,95.3222,81.79,73,94,7.14
323,Pevek,RU,21-11-23 01:41:00,69.7008,170.3133,-19.14,97,19,2.89
324,Ulaangom,MN,21-11-23 01:41:00,49.9811,92.0667,9.05,81,51,1.95
325,Mumford,GH,21-11-23 01:41:00,5.2618,-0.759,80.74,79,9,5.14
326,Am Timan,TD,21-11-23 01:41:01,11.0297,20.2827,70.74,28,64,6.35
327,Sabang,ID,21-11-23 01:41:01,5.8933,95.3214,82.04,71,88,9.1
328,Indianola,US,21-11-23 01:39:25,41.3581,-93.5574,33.66,55,51,6.38
329,Nouadhibou,MR,21-11-23 01:40:29,20.931,-17.0347,71.58,68,0,6.91
330,Thompson,CA,21-11-23 01:41:02,55.7435,-97.8558,-3.84,77,75,3.44
331,Sept-Iles,CA,21-11-23 01:40:46,50.2001,-66.3821,41.52,90,90,14.0
332,Edson,CA,21-11-23 01:41:02,53.5835,-116.4356,37.54,64,1,8.05
333,Amga,RU,21-11-23 01:41:03,60.8953,131.9608,-14.62,88,100,2.66
334,San Luis,AR,21-11-23 01:37:45,-33.295,-66.3356,72.46,28,0,16.96
335,Swan River,CA,21-11-23 01:41:03,52.1058,-101.2676,17.49,79,100,2.3
336,Lavrentiya,RU,21-11-23 01:41:03,65.5833,-171.0,-1.37,92,10,9.62
337,Nipawin,CA,21-11-23 01:41:04,53.3668,-104.0009,17.64,86,40,10.36
338,Icod De Los Vinos,ES,21-11-23 01:41:04,28.3724,-16.7119,71.76,79,100,0.6
339,Brae,GB,21-11-23 01:41:04,60.3964,-1.353,48.11,79,100,20.92
340,Peniche,PT,21-11-23 01:41:05,39.3558,-9.3811,53.56,66,2,17.38
341,Kiama,AU,21-11-23 01:41:05,-34.6833,150.8667,73.38,71,100,3.0
342,Goure,NE,21-11-23 01:41:05,13.9835,10.2704,78.03,20,0,7.38
343,Kyshtovka,RU,21-11-23 01:41:06,56.555,76.6271,28.42,96,100,12.06
344,Port Augusta,AU,21-11-23 01:41:06,-32.5,137.7667,79.7,31,100,12.71
345,Prince Rupert,CA,21-11-23 01:41:07,54.3161,-130.3201,44.29,67,90,8.05
346,Cabedelo,BR,21-11-23 01:41:07,-6.9811,-34.8339,79.47,74,98,9.26
347,Skelleftea,SE,21-11-23 01:41:07,64.7507,20.9528,23.36,67,90,1.01
348,Grand-Santi,GF,21-11-23 01:41:08,4.25,-54.3833,72.12,99,56,2.39
349,Gibara,CU,21-11-23 01:41:08,21.1097,-76.1317,78.12,82,1,4.38
350,La Tuque,CA,21-11-23 01:41:08,47.4334,-72.7824,26.85,59,50,8.05
351,Collie,AU,21-11-23 01:41:09,-33.3667,116.15,68.18,39,0,5.03
352,Coihaique,CL,21-11-23 01:41:09,-45.5752,-72.0662,45.45,85,96,5.59
353,Benguela,AO,21-11-23 01:41:09,-12.5763,13.4055,76.44,82,100,5.28
354,Saint Albans,GB,21-11-23 01:41:10,51.75,-0.3333,39.97,96,11,6.91
355,Cabo San Lucas,MX,21-11-23 01:36:50,22.8909,-109.9124,76.51,73,1,5.75
356,Kingsville,US,21-11-23 01:40:50,27.5159,-97.8561,67.86,67,75,1.01
357,Lasa,IT,21-11-23 01:41:10,46.6166,10.7002,40.37,91,78,2.28
358,Moerai,PF,21-11-23 01:41:11,-22.4333,-151.3333,74.7,74,90,13.35
359,Karratha,AU,21-11-23 01:41:11,-20.7377,116.8463,88.09,45,86,6.22
360,Ayagoz,KZ,21-11-23 01:41:11,47.9714,80.4392,30.67,88,100,20.94
361,Conceicao Das Alagoas,BR,21-11-23 01:41:11,-19.9147,-48.3883,82.18,61,20,3.65
362,Caruray,PH,21-11-23 01:41:12,10.3094,119.0128,85.53,74,35,8.52
363,Touros,BR,21-11-23 01:41:12,-5.1989,-35.4608,79.7,76,93,12.93
364,Waingapu,ID,21-11-23 01:41:13,-9.6567,120.2641,86.81,60,98,5.21
365,Bethel,US,21-11-23 01:40:15,41.3712,-73.414,39.04,57,1,4.61
366,Pankovka,RU,21-11-23 01:41:13,58.5,31.1999,26.89,82,80,5.95
367,Zhezkazgan,KZ,21-11-23 01:41:13,47.8043,67.7144,34.59,86,99,18.25
368,Vondrozo,MG,21-11-23 01:41:14,-22.8167,47.2833,64.53,97,99,1.72
369,General Roca,AR,21-11-23 01:41:14,-39.0333,-67.5833,73.62,13,1,7.56
370,Port-Gentil,GA,21-11-23 01:42:14,-0.7193,8.7815,79.36,86,97,7.54
371,Tiznit,MA,21-11-23 01:42:15,29.5833,-9.5,57.58,63,7,0.13
372,Lumsden,CA,21-11-23 01:42:15,50.6501,-104.8678,36.01,73,70,14.23
373,Mount Gambier,AU,21-11-23 01:42:15,-37.8333,140.7667,75.11,53,40,14.97
374,Alofi,NU,21-11-23 01:40:19,-19.0595,-169.9187,85.89,58,75,9.22
375,Along,IN,21-11-23 01:42:16,28.1667,94.7667,63.27,67,99,0.31
376,Beitbridge,ZW,21-11-23 01:42:16,-22.2167,30.0,72.57,87,100,3.38
377,Bilibino,RU,21-11-23 01:42:16,68.0546,166.4372,-21.42,92,4,3.74
378,Kilindoni,TZ,21-11-23 01:42:17,-7.9139,39.6668,79.57,68,94,9.37
379,Marsa Matruh,EG,21-11-23 01:42:17,31.3525,27.2453,57.4,88,0,4.61
380,Korla,CN,21-11-23 01:42:17,41.7597,86.1469,26.42,63,11,2.04
381,Thinadhoo,MV,21-11-23 01:42:18,0.5333,72.9333,81.57,76,100,19.22
382,Awjilah,LY,21-11-23 01:42:18,29.1081,21.2869,61.66,48,100,9.35
383,College,US,21-11-23 01:37:49,64.8569,-147.8028,1.58,61,90,11.5
384,Antofagasta,CL,21-11-23 01:42:19,-23.65,-70.4,61.88,73,97,1.79
385,Bhatkal,IN,21-11-23 01:42:19,13.9667,74.5667,78.39,82,3,4.79
386,Rossosh,RU,21-11-23 01:42:19,51.1209,38.5116,30.31,86,100,4.83
387,Jinka,ET,21-11-23 01:42:20,5.65,36.65,67.3,59,85,1.36
388,Chiang Khong,TH,21-11-23 01:42:20,20.2613,100.4046,71.92,64,7,0.72
389,Gorele,TR,21-11-23 01:42:21,41.0308,39.0031,53.04,59,8,7.9
390,Puerto Madryn,AR,21-11-23 01:42:21,-42.7692,-65.0385,51.6,60,97,14.18
391,Cap Malheureux,MU,21-11-23 01:40:39,-19.9842,57.6142,73.89,72,0,5.99
392,San Joaquin,US,21-11-23 01:42:21,37.9333,-121.3011,62.15,73,1,3.44
393,Fairbanks,US,21-11-23 01:38:58,64.8378,-147.7164,2.1,61,90,1.01
394,Ketchikan,US,21-11-23 01:42:22,55.3422,-131.6461,42.78,87,90,5.75
395,Birjand,IR,21-11-23 01:42:22,32.8663,59.2211,50.47,62,40,4.61
396,Huejuquilla El Alto,MX,21-11-23 01:42:23,22.6,-103.8667,64.89,37,89,6.93
397,Tanout,NE,21-11-23 01:42:23,14.9709,8.8879,76.01,19,0,9.42
398,Balaka,MW,21-11-23 01:42:24,-14.9793,34.9558,74.12,58,68,3.42
399,Avera,US,21-11-23 01:42:24,33.194,-82.5271,54.28,44,20,13.35
400,Vila Franca Do Campo,PT,21-11-23 01:38:16,37.7167,-25.4333,68.2,89,87,14.45
401,Izhma,RU,21-11-23 01:42:25,65.0083,53.9113,6.35,95,100,5.48
402,Namibe,AO,21-11-23 01:42:25,-15.1961,12.1522,68.92,77,31,4.23
403,Airai,TL,21-11-23 01:42:25,-8.9266,125.4092,75.56,55,92,1.39
404,Manaus,BR,21-11-23 01:40:01,-3.1019,-60.025,77.49,88,0,3.44
405,Kristiinankaupunki,FI,21-11-23 01:42:26,62.2743,21.376,33.24,74,85,12.44
406,Hornepayne,CA,21-11-23 01:42:26,49.2138,-84.7705,16.38,89,100,9.22
407,Landeck,AT,21-11-23 01:42:27,47.1301,10.5636,37.08,89,97,2.46
408,Gat,IL,21-11-23 01:39:04,31.61,34.7642,58.82,62,0,3.62
409,Haines Junction,CA,21-11-23 01:42:27,60.7522,-137.5108,1.35,78,100,6.91
410,Los Llanos De Aridane,ES,21-11-23 01:42:27,28.6585,-17.9182,64.15,82,0,5.01
411,Mecca,SA,21-11-23 01:42:28,21.4267,39.8261,70.3,49,76,6.51
412,Alta Floresta,BR,21-11-23 01:42:28,-9.8756,-56.0861,71.44,96,100,3.02
413,Lindas,NO,21-11-23 01:42:29,60.7381,5.16,42.76,81,100,1.28
414,San Andres,CO,21-11-23 01:42:29,12.5847,-81.7006,82.42,78,75,9.22
415,Buala,SB,21-11-23 01:43:29,-8.145,159.5921,84.72,74,64,11.54
416,Nantong,CN,21-11-23 01:43:30,32.0303,120.8747,46.02,31,100,9.06
417,Lebu,CL,21-11-23 01:43:30,-37.6167,-73.65,54.93,84,0,20.31
418,Souillac,MU,21-11-23 01:43:30,-20.5167,57.5167,73.78,83,40,3.44
419,Sitio Novo Do Tocantins,BR,21-11-23 01:43:31,-5.5183,-47.4611,77.31,77,99,2.15
420,Kashi,CN,21-11-23 01:43:31,39.4547,75.9797,25.81,63,2,4.47
421,Aitape,PG,21-11-23 01:43:31,-3.1374,142.3475,84.47,70,56,4.72
422,Noumea,NC,21-11-23 01:43:32,-22.2763,166.4572,89.58,78,100,11.1
423,Utiel,ES,21-11-23 01:43:32,39.5667,-1.2,46.4,97,100,2.06
424,Manica,FR,21-11-23 01:43:33,49.0,-1.1667,38.61,72,6,9.71
425,Sao Joao Da Barra,BR,21-11-23 01:42:00,-21.6403,-41.0511,69.15,70,48,4.76
426,Schruns,AT,21-11-23 01:43:33,47.0709,9.9475,33.46,87,42,5.14
427,Kijang,KR,21-11-23 01:43:34,35.2442,129.2139,42.53,49,5,15.32
428,Yanam,IN,21-11-23 01:43:34,16.7333,82.2167,79.2,85,17,2.01
429,Weligama,LK,21-11-23 01:43:34,5.9667,80.4167,78.35,83,100,3.96
430,Sechura,PE,21-11-23 01:43:35,-5.5569,-80.8222,67.28,73,53,10.65
431,Port Hardy,CA,21-11-23 01:43:35,50.6996,-127.4199,46.4,100,90,2.3
432,La Ronge,CA,21-11-23 01:43:35,55.1001,-105.2842,16.05,92,90,8.05
433,San Ramon,US,21-11-23 01:43:36,37.7799,-121.978,62.96,77,1,1.01
434,Shouguang,CN,21-11-23 01:43:36,36.88,118.7375,42.17,28,0,8.59
435,Jacaleapa,HN,21-11-23 01:43:36,14.0167,-86.6667,68.34,83,96,4.7
436,Carberry,CA,21-11-23 01:43:37,49.8689,-99.3602,21.43,91,100,6.11
437,Sistranda,NO,21-11-23 01:43:37,63.7256,8.834,42.91,71,100,31.45
438,Port Blair,IN,21-11-23 01:42:44,11.6667,92.75,80.64,94,75,4.61
439,Danshui,CN,21-11-23 01:43:38,22.7984,114.4672,60.03,48,100,10.04
440,Deputatskiy,RU,21-11-23 01:40:32,69.3,139.9,-21.28,95,87,5.19
441,Mao,ES,21-11-23 01:43:38,39.8885,4.2658,52.36,93,0,6.91
442,Ducheng,CN,21-11-23 01:43:39,23.2373,111.5317,55.26,58,100,4.25
443,Bathsheba,BB,21-11-23 01:43:39,13.2167,-59.5167,79.41,83,75,12.66
444,Chara,RU,21-11-23 01:43:39,56.9064,118.2631,-15.7,84,31,1.9
445,Katobu,ID,21-11-23 01:43:40,-4.9408,122.5276,89.13,58,10,1.48
446,Poum,NC,21-11-23 01:43:40,-20.2333,164.0167,78.4,72,100,1.81
447,Bose,IT,21-11-23 01:43:41,45.4612,8.0137,48.2,97,100,2.42
448,Pirovskoye,RU,21-11-23 01:43:41,57.6267,92.2658,28.96,84,98,14.03
449,Egvekinot,RU,21-11-23 01:43:41,66.3167,-179.1667,-6.07,74,7,10.0
450,Dracena,BR,21-11-23 01:43:42,-21.4843,-51.535,74.75,39,5,4.76
451,Cairns,AU,21-11-23 01:43:28,-16.9167,145.7667,102.07,65,4,11.5
452,Nerchinskiy Zavod,RU,21-11-23 01:43:42,51.3088,119.61,4.41,70,32,5.17
453,Kamenka,RU,21-11-23 01:43:42,51.3223,42.7678,29.75,82,100,5.21
454,Bhum,IN,21-11-23 01:43:43,18.4667,75.6667,74.86,79,99,5.84
455,Lazarev,RU,21-11-23 01:43:43,52.225,141.5131,32.9,88,100,31.21
456,Vila Do Maio,CV,21-11-23 01:43:43,15.1333,-23.2167,77.79,78,5,15.88
457,Sioux Lookout,CA,21-11-23 01:42:39,50.1001,-91.917,15.87,79,90,4.61
458,Ghanzi,BW,21-11-23 01:43:44,-21.5667,21.7833,69.31,19,76,9.42
459,Sinnamary,GF,21-11-23 01:43:44,5.3833,-52.95,78.13,87,67,7.83
460,Westport,US,21-11-23 01:43:45,41.1415,-73.3579,40.98,55,1,3.0
461,Yinchuan,CN,21-11-23 01:43:45,38.4681,106.2731,32.16,23,0,4.92
462,Marawi,PH,21-11-23 01:44:45,7.9986,124.2928,75.65,77,100,2.84
463,Lengshuitan,CN,21-11-23 01:44:46,26.4111,111.5956,50.41,44,30,5.53
464,Georgetown,MY,21-11-23 01:44:46,5.4112,100.3354,82.33,90,20,1.01
465,Sorgun,TR,21-11-23 01:44:46,39.8101,35.186,40.32,79,35,4.68
466,Messina,IT,21-11-23 01:43:19,38.1933,15.5497,62.44,80,20,3.0
467,Bone,DE,21-11-23 01:44:47,51.9669,12.1396,36.63,92,21,6.44
468,Severobaykalsk,RU,21-11-23 01:44:47,55.65,109.3167,6.39,79,59,4.43
469,Roald,NO,21-11-23 01:44:48,62.5833,6.1333,44.74,81,90,11.5
470,Kangaba,ML,21-11-23 01:44:48,11.9333,-8.4167,71.82,25,89,3.47
471,Pimentel,PE,21-11-23 01:44:49,-6.8367,-79.9342,65.64,81,70,10.58
472,Namie,JP,21-11-23 01:44:49,37.4833,141.0,56.97,56,2,5.01
473,Scarborough,GB,21-11-23 01:44:49,54.2797,-0.4044,42.51,70,100,5.66
474,Hay River,CA,21-11-23 01:44:50,60.8156,-115.7999,13.98,79,90,14.97
475,Tura,IN,21-11-23 01:44:50,25.5198,90.2201,67.5,66,0,1.83
476,Mentougou,CN,21-11-23 01:44:50,39.9392,116.0917,34.74,20,0,1.25
477,Kodinsk,RU,21-11-23 01:44:51,58.6881,99.1844,24.57,93,100,6.29
478,Vao,NC,21-11-23 01:44:51,-22.6667,167.4833,75.09,78,100,8.32
479,Ambon,ID,21-11-23 01:42:35,-3.6954,128.1814,87.94,62,40,5.75
480,Rosarito,MX,21-11-23 01:44:51,32.3333,-117.0333,75.63,39,86,0.45
481,Manokwari,ID,21-11-23 01:44:52,-0.8667,134.0833,84.18,70,89,3.94
482,Susurluk,TR,21-11-23 01:44:52,39.9136,28.1578,49.78,75,27,7.0
483,Aykhal,RU,21-11-23 01:44:53,66.0,111.5,-29.4,100,89,6.6
484,Jacmel,HT,21-11-23 01:44:53,18.2342,-72.5347,80.44,86,64,1.99
485,Gusau,NG,21-11-23 01:44:53,12.1628,6.6614,76.01,24,85,6.98
486,Juneau,US,21-11-23 01:42:13,58.3019,-134.4197,35.6,95,90,5.75
487,Aleksandrovskiy Zavod,RU,21-11-23 01:44:54,50.9237,117.9374,2.73,75,5,5.37
488,Fortuna,US,21-11-23 01:44:54,40.5982,-124.1573,52.99,68,1,0.0
489,Lucapa,AO,21-11-23 01:44:54,-8.4192,20.7447,65.26,97,100,2.28
490,Tuatapere,NZ,21-11-23 01:43:14,-46.1333,167.6833,58.3,60,53,7.49
491,Ihlow,DE,21-11-23 01:44:55,51.8833,13.3333,34.43,93,20,4.61
492,Blantyre,MW,21-11-23 01:44:55,-15.785,35.0085,70.03,70,94,4.18
493,Napier,NZ,21-11-23 01:44:55,-39.4833,176.9167,63.28,69,100,5.99
494,Paamiut,GL,21-11-23 01:44:56,61.994,-49.6678,12.58,79,1,7.96
495,Sawtell,AU,21-11-23 01:44:56,-30.3833,153.1,77.32,80,42,9.22
496,San Rafael,AR,21-11-23 01:41:02,-34.6177,-68.3301,72.91,26,0,7.61
497,Umm Kaddadah,SD,21-11-23 01:44:57,13.6017,26.6876,66.76,29,3,13.87
498,Komsomolskiy,UZ,21-11-23 01:44:57,40.4272,71.7189,35.02,60,3,6.91
499,Narsaq,GL,21-11-23 01:41:09,60.9167,-46.05,23.22,75,2,5.97
500,Abha,SA,21-11-23 01:44:57,18.2164,42.5053,55.22,71,0,0.0
501,Loding,NO,21-11-23 01:44:58,67.3,14.75,35.51,91,75,1.99
502,Nanning,CN,21-11-23 01:44:58,22.8167,108.3167,57.65,54,100,5.86
503,Mercedes,AR,21-11-23 01:44:58,-34.6515,-59.4307,73.02,31,62,19.95
504,Estepona,ES,21-11-23 01:44:59,36.4276,-5.1459,57.11,71,19,9.06
505,Mashhad,IR,21-11-23 01:44:59,36.297,59.6062,48.34,61,20,0.0
506,Puerto Varas,CL,21-11-23 01:45:00,-41.3195,-72.9854,53.82,94,0,4.61
507,Herat,AF,21-11-23 01:45:00,34.5,62.0,56.05,35,100,3.27
508,Vestmannaeyjar,IS,21-11-23 01:46:00,63.4427,-20.2734,41.94,84,100,15.64
509,Vaitape,PF,21-11-23 01:46:01,-16.5167,-151.75,81.27,73,100,7.23
510,Ballitoville,ZA,21-11-23 01:46:01,-29.539,31.2144,68.25,94,20,6.91
511,Libreville,GA,21-11-23 01:46:01,0.3925,9.4537,78.82,94,20,8.05
512,Vila Velha,BR,21-11-23 01:46:02,-20.3297,-40.2925,69.94,86,75,1.01
513,Minatitlan,MX,21-11-23 01:46:02,17.9833,-94.5167,71.31,93,35,6.69
514,Erzurum,TR,21-11-23 01:46:02,40.0,41.5,19.08,82,0,3.8
515,Birao,CF,21-11-23 01:46:03,10.2849,22.7882,69.48,25,100,7.43
516,Longyan,CN,21-11-23 01:46:03,25.1072,117.0225,51.4,83,100,3.24
517,Half Moon Bay,US,21-11-23 01:45:15,37.4636,-122.4286,65.16,68,1,0.0
518,Kropotkin,RU,21-11-23 01:46:04,45.4375,40.5756,44.1,85,1,7.07
519,Miri,MY,21-11-23 01:46:04,4.4148,114.0089,84.34,84,40,2.3
520,Dali,CN,21-11-23 01:46:05,25.7,100.1833,52.74,80,35,1.48
521,Segou,ML,21-11-23 01:46:05,13.4317,-6.2157,77.05,25,56,9.75
522,Ilo,PE,21-11-23 01:46:05,-17.6394,-71.3375,65.16,84,96,6.2
523,Nouakchott,MR,21-11-23 01:46:05,18.0858,-15.9785,76.93,48,69,13.76
524,Shingu,JP,21-11-23 01:46:06,33.7333,135.9833,54.59,51,2,13.62
525,La Reforma,MX,21-11-23 01:46:06,25.0833,-108.05,72.14,68,67,6.26
526,Kjollefjord,NO,21-11-23 01:46:06,70.9457,27.3465,23.45,64,100,7.63
527,Sabla,NG,21-11-23 01:46:07,12.7525,4.7077,76.39,21,0,6.29
528,Barreirinhas,BR,21-11-23 01:46:07,-2.7469,-42.8264,79.02,85,96,8.34
529,Fenyi,CN,21-11-23 01:46:07,27.8112,114.6681,50.5,53,28,2.13
530,Berkovica,BA,21-11-23 01:46:08,44.6156,18.4294,41.31,95,100,4.16
531,Poros,GR,21-11-23 01:46:08,37.4994,23.4536,66.4,80,97,11.43
532,Krasnoselkup,RU,21-11-23 01:46:09,65.7,82.4667,18.14,91,98,16.28
533,Tilichiki,RU,21-11-23 01:46:09,60.4667,166.1,4.42,86,100,9.66
534,Cedar City,US,21-11-23 01:41:50,37.6775,-113.0619,43.77,36,1,3.44
535,Andros Town,BS,21-11-23 01:46:09,24.7,-77.7667,75.16,74,3,13.02
536,Adana,TR,21-11-23 01:46:10,36.985,35.2881,53.62,94,0,0.0
537,Sale,MA,21-11-23 01:46:10,34.0389,-6.8166,59.76,100,40,5.75
538,Mugur-Aksy,RU,21-11-23 01:46:10,50.35,90.5,9.03,72,89,6.78
539,Santa Isabel Do Rio Negro,BR,21-11-23 01:46:11,-0.4139,-65.0192,73.63,98,99,2.21
